from,to,cost
2,151,321.9
2,226,1429.5
2,227,1477.7
2,72,1744.0
2,41,2475.9
2,97,2732.5
2,102,3844.4
2,313,4989.7
2,160,5077.4
2,4,5108.4
2,19,5430.2
2,191,5478.2
2,164,5683.8
2,158,5885.6
2,131,6059.5
3,87,295.9
3,116,1043.6
3,244,1782.6
3,243,1795.6
3,136,2363.8
3,125,3238.2
3,37,3805.2
3,78,3819.7
3,193,5270.6
3,314,6781.7
3,317,8585.5
3,315,8598.4
3,318,9181.5
3,316,9194.2
3,170,9884.8
4,19,322.6
4,158,778.0
4,254,1711.8
4,202,2390.0
4,2,2525.0
4,151,2846.7
4,204,3193.7
4,226,3954.2
4,206,3997.2
4,227,4002.4
4,72,4268.7
4,207,4803.4
4,41,5000.7
4,170,5131.4
4,171,5144.3
5,66,327.1
5,104,2964.1
5,21,3376.4
5,52,4774.7
5,98,5304.8
5,69,6677.4
5,112,7250.4
5,67,7907.4
5,94,8358.9
5,238,9819.8
6,20,1143.5
6,97,3287.0
6,160,3507.0
6,4,4330.0
6,102,4398.9
6,19,4651.8
6,191,5104.4
6,158,5107.2
6,313,5544.2
6,190,5954.6
6,254,6041.0
6,164,6238.3
6,324,6561.3
6,202,6719.2
6,2,6854.3
7,83,4714.2
7,74,4999.2
7,159,8856.2
7,155,8890.8
7,47,9313.0
7,255,9393.7
7,5,10418.0
7,66,10745.0
7,95,10911.2
7,12,10999.4
7,104,13381.9
8,43,862.6
8,88,2175.1
8,184,6184.4
8,185,6197.8
8,244,6478.0
8,243,6491.0
8,136,7059.3
8,125,7933.6
8,95,8118.1
8,12,8206.3
8,37,8500.6
8,78,8515.1
8,5,9145.0
8,66,9471.9
8,83,9888.5
9,55,306.0
9,219,853.6
9,31,1449.3
9,121,1578.6
9,82,3259.3
9,26,3517.9
9,131,4481.0
9,186,5252.2
9,40,5590.6
9,218,6251.4
9,217,6506.7
9,25,7101.2
9,56,7118.6
9,68,7271.7
9,107,7342.8
10,115,217.9
11,91,145.3
11,113,1753.3
11,60,2000.5
11,252,3492.9
11,48,3937.2
11,173,4495.0
11,147,5676.0
11,311,6647.1
11,128,7578.2
11,141,8275.9
11,236,8421.4
11,145,9084.5
11,235,9165.3
11,20,9983.7
11,196,10690.9
12,83,1682.8
12,74,1967.8
12,159,5824.8
12,155,5859.4
12,47,6281.7
12,255,6362.3
12,5,7386.7
12,66,7713.6
12,95,7879.8
12,104,10350.6
13,209,479.9
13,319,719.4
13,207,1050.1
13,153,1134.7
13,154,1440.4
13,206,1856.2
13,204,2659.8
13,202,3463.5
14,45,2388.7
14,93,2729.2
14,251,3708.1
14,80,5307.8
14,146,5662.6
14,248,7813.9
14,221,8190.7
14,84,9171.3
14,109,9284.0
14,219,9958.2
14,305,10255.9
14,300,10513.8
14,9,10811.8
14,302,10948.8
14,55,11117.8
15,81,661.3
15,144,1778.8
15,114,2813.1
15,240,3001.2
15,85,3443.0
15,33,4463.2
15,123,4910.0
15,108,5568.4
15,32,5749.3
15,127,6143.2
15,94,7488.6
15,96,7533.0
15,228,7744.3
15,62,7901.1
15,106,8064.9
16,50,240.4
16,46,3515.7
16,10,4809.6
16,115,5027.0
17,49,1464.4
17,120,1687.3
17,23,4327.8
17,138,4551.1
17,320,5221.3
17,64,6012.7
17,30,6658.4
17,274,7106.0
17,205,7297.3
17,14,7539.6
17,275,7864.2
17,203,8095.6
17,201,8570.5
17,278,8798.0
17,279,9346.1
18,126,903.3
18,56,1198.1
18,215,1620.6
18,24,3167.5
18,175,3876.3
18,176,5001.0
18,212,5807.6
18,211,9440.0
18,177,10230.9
18,111,10343.8
18,213,10408.3
18,57,11231.4
18,174,11376.7
18,137,12406.4
18,90,13025.3
19,158,456.0
19,254,1389.8
19,202,2068.0
19,2,2203.0
19,151,2524.6
19,204,2871.7
19,4,3440.4
19,226,3632.2
19,206,3675.2
19,227,3680.4
19,72,3946.7
19,207,4481.3
19,41,4678.6
19,170,4809.4
19,171,4822.3
20,160,2364.2
20,4,3187.3
20,97,3329.3
20,19,3509.0
20,158,3964.5
20,102,4441.2
20,191,4587.4
20,254,4898.3
20,190,5437.7
20,202,5576.5
20,313,5586.5
20,2,5711.5
20,151,6033.1
20,170,6220.9
20,171,6233.8
21,52,1398.2
21,98,1928.4
21,69,3308.6
21,112,3881.6
21,67,4538.6
21,94,4990.1
21,238,6450.9
21,35,8787.8
21,129,9444.5
21,143,11218.8
21,71,12250.5
21,29,12878.6
21,239,15936.9
22,309,3414.6
22,287,3513.9
22,75,4107.7
22,299,4621.8
22,305,5169.2
22,300,5427.1
22,302,5862.1
22,303,7071.4
22,195,7796.2
22,250,7985.7
22,304,8384.1
22,248,8827.7
22,307,9147.2
22,221,9204.6
22,133,9394.3
23,138,223.3
23,64,1684.9
23,30,2336.0
23,14,3217.3
23,45,5605.0
23,93,5945.5
23,251,6924.5
23,80,8524.2
23,146,8878.9
23,248,11030.2
23,221,11407.0
23,84,12387.6
23,109,12500.3
24,175,708.7
24,176,1837.0
24,212,2643.7
24,211,6276.1
24,177,7066.9
24,111,7179.8
24,213,7244.4
24,57,8067.5
24,174,8212.8
24,165,8457.5
24,166,8586.5
24,150,9147.9
24,137,9242.5
24,230,9761.2
24,90,9861.4
25,107,241.6
25,220,918.0
25,222,1675.3
25,187,1884.7
25,188,2802.7
25,247,4262.7
25,189,5127.8
25,224,5581.7
25,248,5921.9
25,221,6298.7
25,157,6442.0
25,183,7058.2
25,84,7279.3
25,109,7392.0
25,80,7672.0
26,82,258.6
26,121,1939.3
26,31,2068.6
26,217,2996.1
26,56,3608.1
26,68,3761.1
26,126,3902.9
26,2,4235.4
26,151,4557.0
26,18,4806.2
26,4,5472.8
26,226,5664.6
26,227,5712.8
26,19,5794.5
26,72,5979.1
27,291,403.3
27,156,1517.1
27,22,8262.0
28,65,13.2
28,152,310.5
28,161,323.9
28,256,941.1
28,242,955.0
28,163,1279.8
28,162,1292.9
28,42,1805.4
28,59,1818.4
28,3,2182.6
28,87,2478.3
28,116,3225.9
28,244,3965.0
28,243,3978.0
28,136,4546.2
29,71,628.1
29,143,1659.9
29,239,3058.2
29,129,3434.1
29,298,3707.5
29,286,4019.0
29,290,4253.0
29,296,5312.0
29,295,6074.3
29,294,6251.2
29,194,6669.9
29,293,7395.3
29,292,8600.4
29,289,9053.0
29,297,9261.8
30,14,882.2
30,45,3269.9
30,93,3610.4
30,251,4589.4
30,80,6189.1
30,146,6543.9
30,248,8695.1
30,221,9071.9
30,84,10052.5
30,109,10165.2
31,121,129.3
31,82,1810.0
31,26,2068.6
31,217,5064.7
31,56,5676.7
31,68,5829.7
31,126,5971.5
31,2,6304.0
31,151,6625.6
31,18,6874.8
31,4,7541.4
31,226,7733.2
31,227,7781.4
31,19,7863.1
31,72,8047.7
32,85,2306.3
32,114,2936.2
32,144,3970.5
32,15,5749.3
32,81,6410.6
32,240,8750.5
32,33,10212.6
32,123,10659.3
32,108,11317.7
32,127,11892.6
32,94,13237.9
32,96,13282.3
32,228,13493.7
32,62,13650.4
32,106,13814.3
33,123,450.5
33,108,1108.9
33,127,1683.7
33,94,3029.1
33,96,3073.5
33,228,3284.8
33,62,3441.6
33,106,3605.4
33,238,4489.9
33,101,5006.6
33,7,5417.4
33,34,6201.0
33,237,6490.1
33,35,6826.8
33,50,7074.5
34,237,290.0
34,312,3173.8
34,128,3543.0
34,141,4074.6
34,236,4220.1
34,145,4883.2
34,235,4964.0
34,20,5948.5
34,196,6489.6
34,182,6682.8
34,234,6698.9
34,233,7343.7
34,169,7966.7
34,232,8030.7
34,97,8091.9
35,129,660.5
35,143,2434.8
35,71,3466.6
35,29,4094.7
35,239,7152.9
35,298,7785.2
35,286,8096.7
35,290,8330.7
35,296,9389.7
35,295,10152.0
35,294,10328.9
35,194,10747.6
35,293,11473.1
35,292,12678.2
35,289,13130.7
36,246,2045.9
36,54,2223.1
36,186,3012.0
36,40,3350.4
36,218,4011.2
36,25,4861.0
36,107,5102.6
36,220,5777.5
36,222,6534.8
36,187,6744.1
36,219,6855.9
36,188,7662.1
36,9,7709.5
36,55,8015.5
36,247,9122.2
37,78,14.5
37,193,1466.1
37,314,2977.2
37,317,4781.0
37,315,4793.8
37,318,5376.9
37,316,5389.6
37,170,6080.2
37,171,6093.1
38,210,673.9
38,208,855.1
38,200,1596.4
38,205,2461.5
38,203,3259.8
38,201,3734.7
38,134,5048.0
38,254,5436.9
38,23,6194.4
38,2,6250.1
38,138,6417.7
38,131,6479.9
38,151,6571.8
38,320,7095.6
38,4,7487.5
40,186,338.5
40,218,660.8
40,25,1513.9
40,107,1755.5
40,220,2430.4
40,222,3187.7
40,187,3397.0
40,219,3508.8
40,188,4315.0
40,9,4362.4
40,55,4668.4
40,247,5775.1
40,31,5808.1
40,248,5842.4
40,121,5937.4
41,97,257.1
41,102,1369.1
41,313,2514.3
41,164,3208.5
41,149,4288.5
41,99,4385.1
41,160,5495.3
41,16,5885.0
41,50,6124.6
41,4,6318.4
41,58,6523.2
41,19,6640.2
41,237,6643.8
41,191,6999.2
41,131,7010.1
42,59,13.0
42,3,377.3
42,87,673.0
42,116,1420.7
42,244,2159.7
42,243,2172.7
42,136,2740.9
42,125,3615.3
42,37,4182.3
42,78,4196.8
42,193,5647.7
42,314,7158.8
42,317,8962.6
42,315,8975.5
42,318,9558.6
43,88,1313.3
43,184,5322.6
43,185,5336.1
43,244,5616.3
43,243,5629.3
43,136,6197.5
43,125,7071.8
43,95,7256.4
43,12,7344.5
43,37,7638.8
43,78,7653.4
43,5,8283.2
43,66,8610.1
43,83,9026.7
43,193,9104.3
44,5,1549.6
44,66,1876.5
44,95,2042.7
44,12,2130.9
44,83,3813.1
44,74,4098.0
44,104,4513.4
44,21,4925.8
44,159,5710.8
44,155,5745.3
44,47,6167.6
44,255,6248.3
44,52,6324.0
44,98,6854.2
44,244,7842.4
45,93,343.1
45,251,1322.0
45,80,2921.8
45,146,3276.5
45,248,5427.8
45,221,5804.6
45,84,6785.2
45,109,6897.9
45,219,7572.1
45,305,7869.8
45,300,8127.7
45,9,8425.7
45,287,8560.0
45,302,8562.8
45,55,8731.7
46,10,1297.4
46,115,1514.8
47,255,80.7
48,147,1745.3
48,60,1936.7
48,311,2716.5
48,128,3647.6
48,141,4345.2
48,236,4490.7
48,145,5153.8
48,235,5234.6
48,20,6053.1
48,196,6760.3
48,182,6953.4
48,234,6969.6
48,233,7614.3
48,97,8196.5
48,169,8237.3
49,120,222.9
49,17,1464.4
49,23,2863.4
49,138,3086.7
49,320,3756.9
49,64,4548.3
49,30,5194.0
49,274,5641.6
49,205,5832.9
49,14,6075.2
49,275,6399.8
49,203,6631.2
49,201,7106.1
49,278,7333.6
49,279,7881.7
50,46,3275.8
50,10,4569.7
50,115,4787.1
51,223,853.7
51,122,1498.1
51,221,1981.4
51,84,2962.0
51,109,3074.6
51,219,3748.8
51,9,4602.5
51,55,4908.5
51,31,6048.2
51,121,6177.5
51,248,6963.1
51,82,7858.2
51,26,8116.8
51,80,8510.6
51,79,8778.8
52,98,530.2
52,21,1398.2
52,69,1910.3
52,112,2483.3
52,67,3140.4
52,94,3591.8
52,238,5052.7
52,35,7389.5
52,129,8046.3
52,143,9820.5
52,71,10852.3
52,29,11480.4
52,239,14538.6
53,41,1352.7
53,97,1609.3
53,102,2721.3
53,313,3866.5
53,160,3954.2
53,164,4560.7
53,4,4777.3
53,19,5099.0
53,191,5493.8
53,158,5554.5
53,149,5640.7
53,99,5737.3
53,190,6344.1
53,131,6460.5
53,254,6488.2
54,246,177.2
54,186,788.9
54,40,1127.3
54,218,1788.1
54,36,2223.1
54,25,2637.9
54,107,2879.5
54,220,3554.4
54,222,4311.7
54,187,4521.0
54,219,4632.8
54,188,5439.0
54,9,5486.4
54,55,5792.4
54,247,6899.1
55,9,306.0
55,31,1143.3
55,219,1159.6
55,121,1272.6
55,82,2953.3
55,26,3211.9
55,131,4175.0
55,186,4946.2
55,40,5284.6
55,218,5945.4
55,217,6200.7
55,25,6795.2
55,56,6812.6
55,68,6965.7
55,107,7036.8
56,126,294.8
56,18,1198.1
56,215,2818.7
56,24,4365.6
56,175,5074.4
56,176,6199.1
56,212,7005.7
56,211,10638.1
56,177,11429.0
56,111,11541.9
56,213,11606.4
56,57,12429.5
56,174,12574.8
56,137,13604.5
56,90,14223.5
57,174,145.3
57,213,823.0
57,111,887.6
57,177,1000.5
57,137,1175.0
57,211,1791.3
57,90,1794.0
57,214,2414.3
57,132,4416.3
57,253,5269.5
57,216,5842.6
57,118,6726.7
57,124,7224.4
57,105,8050.3
57,36,9195.9
58,70,3755.3
58,172,7940.6
59,42,13.0
59,3,364.4
59,87,660.1
59,116,1407.7
59,244,2146.8
59,243,2159.8
59,136,2728.0
59,125,3602.3
59,37,4169.3
59,78,4183.8
59,193,5634.8
59,314,7145.9
59,317,8949.7
59,315,8962.5
59,318,9545.6
60,48,1936.7
60,147,3682.1
60,311,4653.2
60,128,5584.3
60,141,6282.0
60,236,6427.4
60,145,7090.5
60,235,7171.3
60,20,7989.8
60,196,8697.0
60,182,8890.1
60,234,8906.3
60,233,9551.1
60,97,10133.2
60,169,10174.0
61,249,531.6
61,76,1272.7
61,103,1755.9
61,51,1901.0
61,223,2754.7
61,122,3399.1
61,221,3878.3
61,84,4858.9
61,109,4971.5
61,219,5645.7
61,9,6499.4
61,55,6805.4
61,31,7945.1
61,121,8074.4
61,248,8860.0
62,34,2760.1
62,237,3049.2
62,50,3633.6
62,312,5933.1
62,128,6302.2
62,46,6819.6
62,141,6833.8
62,236,6979.3
62,145,7642.4
62,235,7723.2
62,10,8113.6
62,115,8330.9
62,20,8707.7
62,196,9248.9
62,182,9442.0
63,150,3433.3
63,165,3915.8
63,166,4044.9
63,191,4657.9
63,230,5219.6
63,167,5298.4
63,190,5508.1
63,110,5701.9
63,148,5906.1
63,130,6121.9
63,168,6444.0
63,254,6573.5
63,8,6580.7
63,266,6609.1
63,267,6654.7
64,30,651.1
64,138,1461.6
64,14,1532.4
64,23,1684.9
64,45,3920.1
64,93,4260.6
64,251,5239.6
64,80,6839.3
64,146,7194.0
64,248,9345.3
64,221,9722.1
64,84,10702.7
64,109,10815.4
65,28,13.2
65,152,323.7
65,161,337.2
65,256,954.3
65,242,968.2
65,163,1293.0
65,162,1306.1
65,42,1818.6
65,59,1831.6
65,3,2195.8
65,87,2491.5
65,116,3239.1
65,244,3978.2
65,243,3991.2
65,136,4559.4
66,104,2637.0
66,21,3056.1
66,52,4454.4
66,98,4984.6
66,69,6357.1
66,112,6930.1
66,67,7587.2
66,94,8038.6
66,238,9499.5
66,35,11836.3
66,129,12493.1
66,143,14267.3
66,71,15299.1
66,29,15927.2
66,239,18985.4
67,94,451.8
67,238,1912.6
67,35,4249.5
67,129,4906.2
67,143,6680.5
67,71,7712.3
67,29,8340.4
67,239,11398.6
68,2,475.2
68,151,796.8
68,4,1712.6
68,226,1904.4
68,227,1952.6
68,19,2034.3
68,72,2218.9
68,158,2489.7
68,41,2950.8
68,170,3081.6
68,171,3094.5
68,97,3207.4
68,254,3423.5
68,191,4020.0
68,202,4101.7
69,112,573.0
69,67,1232.0
69,94,1683.5
69,238,3144.3
69,35,5481.2
69,129,6137.9
69,143,7912.2
69,71,8943.9
69,29,9572.0
69,239,12630.3
70,172,4185.4
71,29,628.1
71,143,1031.8
71,129,2806.0
71,239,3686.4
71,298,4335.6
71,286,4647.1
71,290,4881.1
71,296,5940.1
71,295,6702.4
71,294,6879.3
71,194,7298.0
71,293,8023.5
71,292,9228.6
71,289,9681.1
71,297,9889.9
72,41,732.6
72,97,989.2
72,102,2101.1
72,313,3246.4
72,160,3334.1
72,164,3940.5
72,4,4157.1
72,19,4478.9
72,191,4873.7
72,158,4934.3
72,149,5020.5
72,99,5117.1
72,190,5723.9
72,131,5840.4
72,254,5868.1
73,102,56.9
73,313,1202.2
73,164,1896.3
73,149,2976.3
73,99,3073.0
73,16,4572.9
73,50,4812.4
73,58,5211.0
73,237,5331.7
73,97,5575.6
73,324,6943.7
73,191,7165.1
73,77,7320.9
73,160,7699.5
73,142,7847.4
74,83,284.9
74,159,3858.9
74,155,3893.5
74,47,4315.8
74,255,4396.4
74,5,5420.8
74,66,5747.7
74,95,5914.0
74,12,6002.1
74,104,8384.7
74,21,8797.0
74,52,10195.3
74,98,10725.4
75,299,515.8
75,305,1063.2
75,300,1321.1
75,302,1756.1
75,303,2965.4
75,195,3690.2
75,304,4278.1
75,307,5041.2
75,308,5826.2
75,306,6343.3
75,32,8048.9
75,85,10355.2
75,114,10985.1
75,144,12019.4
75,15,13798.2
76,103,483.3
76,51,628.3
76,249,741.1
76,61,1272.7
76,223,1482.0
76,122,2126.4
76,221,2605.6
76,84,3586.2
76,109,3698.9
76,219,4373.1
76,9,5226.7
76,55,5532.7
76,31,6672.4
76,121,6801.7
76,248,7587.3
78,37,14.5
78,193,1451.5
78,314,2962.6
78,317,4766.4
78,315,4779.3
78,318,5362.4
78,316,5375.1
78,170,6065.7
78,171,6078.6
79,17,652.9
79,49,2117.3
79,120,2340.2
79,23,4975.5
79,138,5198.8
79,320,5869.0
79,64,6660.4
79,30,7306.0
79,274,7753.7
79,205,7945.0
79,14,8187.3
79,275,8511.9
79,203,8743.2
79,201,9218.2
79,278,9445.7
80,146,354.8
80,305,4949.9
80,300,5207.8
80,302,5642.9
80,303,6852.2
80,195,7576.9
80,304,8164.8
80,287,8808.5
80,307,8927.9
80,22,9182.8
80,309,9265.4
80,308,9712.9
80,75,9958.5
80,306,10230.0
80,299,10472.6
81,240,2343.8
81,33,3805.8
81,123,4252.6
81,108,4911.0
81,127,5485.8
81,94,6831.1
81,96,6875.5
81,228,7086.9
81,62,7243.7
81,106,7407.5
81,238,8292.0
81,101,8808.7
81,7,9219.5
81,34,10003.0
81,237,10292.2
82,26,258.6
82,121,1680.7
82,31,1810.0
82,217,3254.8
82,56,3866.7
82,68,4019.7
82,126,4161.5
82,2,4494.0
82,151,4815.7
82,18,5064.8
82,4,5731.4
82,226,5923.2
82,227,5971.4
82,19,6053.1
82,72,6237.7
83,74,284.9
83,159,4143.9
83,155,4178.5
83,47,4600.7
83,255,4681.4
83,5,5705.7
83,66,6032.6
83,95,6198.9
83,12,6287.1
83,104,8669.6
83,21,9081.9
83,52,10480.2
83,98,11010.4
84,109,112.7
84,219,788.8
84,9,1642.5
84,55,1948.5
84,31,3088.2
84,121,3217.5
84,82,4898.2
84,26,5156.8
84,131,6119.9
84,186,6891.0
84,40,7229.5
84,218,7890.3
84,217,8145.6
84,25,8740.1
84,56,8757.5
85,114,629.9
85,144,1664.2
85,32,2306.3
85,15,3443.0
85,81,4104.3
85,240,6444.2
85,33,7906.3
85,123,8353.0
85,108,9011.4
85,127,9586.3
85,94,10931.6
85,96,10976.0
85,228,11187.4
85,62,11344.1
85,106,11507.9
86,100,554.8
86,228,2285.9
86,62,2442.6
86,34,5202.0
86,237,5491.1
86,50,6075.5
86,312,8375.0
86,128,8744.1
86,46,9261.6
86,141,9275.8
86,236,9421.2
86,145,10084.4
86,235,10165.1
86,10,10555.5
87,116,747.6
87,244,1489.1
87,243,1502.1
87,136,2070.3
87,125,2944.6
87,37,3511.6
87,78,3526.2
87,193,4977.1
87,314,6488.2
87,317,8292.0
87,315,8304.8
87,318,8887.9
87,316,8900.6
87,170,9591.2
87,171,9604.1
88,244,4304.3
88,243,4317.3
88,136,4885.5
88,184,5582.1
88,185,5595.6
88,125,5759.9
88,95,5944.4
88,12,6032.6
88,37,6326.9
88,78,6341.4
88,83,7714.8
88,193,7792.3
88,74,7999.7
88,159,8124.1
88,229,8146.5
89,150,588.6
89,165,1071.0
89,166,1200.1
89,230,2374.8
89,110,2857.1
89,130,3277.1
89,168,3599.3
89,322,4032.9
89,323,4757.9
89,181,4887.2
89,321,5080.6
89,191,6262.8
89,167,6520.7
89,324,6593.1
89,190,7113.1
90,137,619.0
90,214,620.3
90,174,1648.7
90,57,1794.0
90,213,2617.0
90,132,2622.3
90,111,2681.6
90,177,2794.5
90,253,3475.5
90,211,3585.3
90,216,4048.6
90,118,4932.7
90,124,5430.4
90,105,6256.3
90,36,7401.9
91,11,145.3
91,113,1608.1
91,60,2145.7
91,252,3347.6
91,48,4082.4
91,173,4349.8
91,147,5821.3
91,311,6792.4
91,128,7723.5
91,141,8421.2
91,236,8566.6
91,145,9229.8
91,235,9310.5
91,20,10129.0
91,196,10836.2
93,251,979.0
93,80,2581.7
93,146,2936.5
93,248,5087.8
93,221,5464.6
93,84,6445.2
93,109,6557.9
93,219,7232.1
93,305,7529.8
93,300,7787.7
93,9,8085.7
93,287,8220.0
93,302,8222.7
93,55,8391.7
93,250,8723.2
94,238,1461.9
94,35,3798.8
94,129,4455.5
94,143,6229.7
94,71,7261.5
94,29,7889.6
94,239,10947.9
95,83,1876.0
95,74,2161.0
95,159,6018.0
95,155,6052.6
95,47,6474.8
95,255,6555.5
95,5,7579.9
95,66,7906.8
95,12,8161.2
95,104,10543.7
96,106,532.0
96,127,1389.7
96,101,1933.1
96,108,1964.5
96,7,2353.6
96,83,7061.0
96,74,7345.9
96,159,11203.0
96,155,11237.5
96,47,11659.8
96,255,11740.5
97,102,1113.0
97,313,2258.3
97,164,2952.4
97,149,4032.4
97,99,4129.1
97,160,5239.3
97,16,5629.0
97,50,5868.6
97,4,6062.4
97,58,6267.1
97,19,6384.1
97,237,6387.8
97,191,6743.1
97,131,6754.1
97,158,6839.6
98,52,530.2
98,69,1380.1
98,21,1928.4
98,112,1953.2
98,67,2610.2
98,94,3061.6
98,238,4522.5
98,35,6859.3
98,129,7516.1
98,143,9290.3
98,71,10322.1
98,29,10950.2
98,239,14008.4
99,149,96.6
99,58,2140.5
99,70,5889.3
99,172,10074.6
100,228,1731.6
100,62,1888.3
100,34,4647.7
100,237,4936.8
100,50,5521.2
100,312,7820.7
100,128,8189.8
100,46,8707.3
100,141,8721.5
100,236,8866.9
100,145,9530.1
100,235,9610.8
100,10,10001.2
100,115,10218.6
101,7,420.5
101,106,1401.2
101,96,1933.1
101,127,3322.8
101,108,3897.7
101,83,5127.9
101,74,5412.8
101,159,9269.8
101,155,9304.4
101,47,9726.7
101,255,9807.3
102,313,1146.5
102,164,1840.7
102,149,2920.7
102,99,3017.3
102,16,4517.2
102,50,4756.8
102,58,5155.4
102,237,5276.0
102,97,5519.9
102,324,6888.1
102,191,7109.4
102,77,7265.2
102,160,7643.8
102,142,7791.7
102,257,7904.8
103,51,145.0
103,76,483.3
103,223,998.8
103,249,1224.3
103,122,1643.2
103,61,1755.9
103,221,2122.3
103,84,3102.9
103,109,3215.6
103,219,3889.8
103,9,4743.4
103,55,5049.4
103,31,6189.1
103,121,6318.4
103,248,7104.1
104,21,419.2
104,52,1817.4
104,98,2347.6
104,66,2637.0
104,69,3720.2
104,112,4293.2
104,67,4950.2
104,94,5401.7
104,238,6862.5
104,35,9199.4
104,129,9856.1
104,143,11630.4
104,71,12662.1
104,29,13290.2
104,239,16348.5
105,124,825.9
105,36,1148.2
105,246,3194.1
105,54,3371.3
105,186,4154.0
105,40,4492.4
105,218,5153.2
105,25,6003.0
105,107,6244.6
105,220,6919.5
105,222,7676.8
105,187,7886.1
105,219,7997.9
105,188,8804.1
105,9,8851.5
106,96,532.0
106,101,1401.2
106,7,1821.6
106,127,1921.7
106,108,2496.5
106,83,6529.0
106,74,6814.0
106,159,10671.0
106,155,10705.6
106,47,11127.8
106,255,11208.5
107,25,241.6
107,220,676.4
107,222,1433.7
107,187,1643.0
107,188,2561.0
107,247,4021.1
107,189,4886.2
107,224,5340.0
107,248,5680.3
107,221,6057.1
107,157,6200.4
107,183,6816.6
107,84,7037.7
107,109,7150.3
107,80,7430.3
108,127,574.8
108,96,1964.5
108,106,2496.5
108,101,3897.7
108,7,4318.1
108,83,9025.5
108,74,9310.5
108,159,13167.5
108,155,13202.1
108,47,13624.4
108,255,13705.0
109,84,112.7
109,219,676.2
109,9,1529.8
109,55,1835.8
109,31,2975.5
109,121,3104.8
109,82,4785.5
109,26,5044.1
109,131,6007.2
109,186,6778.4
109,40,7116.8
109,218,7777.6
109,217,8032.9
109,25,8627.4
109,56,8644.8
110,130,420.0
110,168,743.1
110,322,1176.7
110,323,1901.8
110,181,2031.1
110,321,2224.5
110,324,3737.0
110,142,4640.6
110,257,4753.7
110,310,6023.4
110,149,7235.5
110,99,7332.2
110,16,8700.8
110,50,8940.4
110,237,9459.6
111,213,64.6
111,177,112.9
111,57,887.6
111,211,903.7
111,174,1032.9
111,137,2062.6
111,90,2681.6
111,214,3301.9
111,132,5303.9
111,253,6157.1
111,216,6730.2
111,118,7614.3
111,124,8112.0
111,105,8937.9
111,36,10083.5
112,69,573.0
112,67,659.0
112,94,1110.5
112,238,2571.3
112,35,4908.2
112,129,5564.9
112,143,7339.2
112,71,8370.9
112,29,8999.0
112,239,12057.3
113,91,1608.1
113,252,1739.5
113,11,1753.3
113,173,2741.7
113,60,3753.8
113,48,5690.5
113,147,7429.3
113,311,8400.4
113,128,9331.6
113,141,10029.2
113,236,10174.7
113,145,10837.8
113,235,10918.6
113,20,11737.0
113,196,12444.2
114,85,629.9
114,144,1034.3
114,15,2813.1
114,32,2936.2
114,81,3474.4
114,240,5814.3
114,33,7276.3
114,123,7723.1
114,108,8381.5
114,127,8956.3
114,94,10301.7
114,96,10346.0
114,228,10557.4
114,62,10714.2
114,106,10878.0
116,244,741.4
116,87,747.6
116,243,754.4
116,136,1322.7
116,125,2197.0
116,37,2764.0
116,78,2778.5
116,193,4229.5
116,314,5740.6
116,317,7544.4
116,315,7557.2
116,318,8140.3
116,316,8153.0
116,170,8843.6
116,171,8856.5
117,159,691.4
117,155,726.0
117,47,1215.1
117,255,1295.7
117,5,2320.1
117,66,2647.0
117,95,2813.3
117,12,2901.4
117,83,4583.6
117,74,4868.5
117,104,5284.0
117,21,5696.3
117,52,7094.6
117,98,7624.8
117,244,8612.9
118,124,500.2
118,216,884.0
118,105,1326.1
118,36,2471.6
118,246,4517.6
118,54,4694.7
118,186,5477.4
118,40,5815.9
118,218,6476.6
118,25,7326.4
118,107,7568.1
118,220,8242.9
118,222,9000.2
118,187,9209.6
118,219,9321.3
119,309,961.0
119,75,1654.0
119,299,2168.1
119,305,2715.6
119,300,2973.4
119,302,3408.5
119,303,4617.8
119,195,5342.5
119,304,5930.5
119,22,6480.1
119,307,6693.5
119,308,7478.5
119,250,7567.1
119,248,7919.3
119,306,7995.7
120,49,222.9
120,17,1687.3
120,23,2640.5
120,138,2863.8
120,320,3534.0
120,64,4325.4
120,30,4971.1
120,274,5418.7
120,205,5610.0
120,14,5852.4
120,275,6176.9
120,203,6408.3
120,201,6883.2
120,278,7110.8
120,279,7658.8
121,31,129.3
121,82,1680.7
121,26,1939.3
121,217,4935.4
121,56,5547.4
121,68,5700.4
121,126,5842.2
121,2,6174.7
121,151,6496.3
121,18,6745.5
121,4,7412.1
121,226,7603.9
121,227,7652.1
121,19,7733.8
121,72,7918.4
122,221,483.2
122,223,644.4
122,84,1463.8
122,51,1498.1
122,109,1576.5
122,219,2250.7
122,9,3104.3
122,55,3410.3
122,31,4550.0
122,121,4679.3
122,248,5465.0
122,82,6360.0
122,26,6618.6
122,80,7012.5
122,79,7280.6
123,108,658.8
123,127,1233.6
123,96,2623.3
123,106,3155.3
123,101,4556.5
123,7,4967.3
123,50,7141.3
123,237,7511.7
123,86,9160.9
123,238,9390.8
123,83,9674.7
123,100,9709.2
123,74,9959.7
123,95,10203.4
123,46,10327.4
124,105,825.9
124,36,1974.1
124,246,4020.0
124,54,4197.2
124,186,4979.8
124,40,5318.3
124,218,5979.1
124,25,6828.9
124,107,7070.5
124,220,7745.3
124,222,8502.6
124,187,8712.0
124,219,8823.7
124,188,9630.0
124,9,9677.4
125,37,569.1
125,78,583.6
125,193,2034.6
125,314,3545.7
125,317,5349.5
125,315,5362.3
125,318,5945.4
125,316,5958.1
125,170,6648.7
125,171,6661.6
126,56,294.8
126,18,903.3
126,215,2523.9
126,24,4070.8
126,175,4779.6
126,176,5904.3
126,212,6710.9
126,211,10343.3
126,177,11134.2
126,111,11247.1
126,213,11311.6
126,57,12134.7
126,174,12280.0
126,137,13309.7
126,90,13928.7
127,108,574.8
127,96,1389.7
127,106,1921.7
127,101,3322.8
127,7,3743.3
127,83,8450.7
127,74,8735.7
127,159,12592.7
127,155,12627.3
127,47,13049.5
127,255,13130.2
128,20,2406.1
128,97,4549.5
128,160,4769.5
128,4,5592.6
128,102,5661.4
128,19,5914.3
128,191,6366.9
128,158,6369.8
128,313,6806.7
128,190,7217.2
128,254,7303.6
128,164,7500.8
128,324,7823.8
128,202,7981.8
128,2,8116.8
129,143,1774.3
129,71,2806.0
129,29,3434.1
129,239,6492.4
129,298,7141.6
129,286,7453.1
129,290,7687.1
129,296,8746.1
129,295,9508.4
129,294,9685.3
129,194,10104.0
129,293,10829.5
129,292,12034.6
129,289,12487.1
129,297,12695.9
130,168,323.1
130,110,420.0
130,322,756.7
130,323,1481.8
130,181,1611.1
130,321,1804.4
130,324,3317.0
130,142,4220.6
130,257,4333.7
130,310,5603.3
130,149,6815.5
130,99,6912.2
130,16,8280.8
130,50,8520.3
130,237,9039.6
132,253,853.2
132,216,1432.6
132,118,2316.7
132,124,2814.4
132,105,3640.3
132,36,4785.9
132,246,6831.8
132,54,7009.0
132,186,7791.6
132,40,8130.1
132,218,8790.9
132,25,9640.7
132,107,9882.3
132,220,10557.1
132,222,11314.4
133,250,1408.6
133,135,2305.2
133,79,3179.6
133,45,3824.9
133,17,3831.1
133,93,4165.4
133,251,5144.3
133,49,5295.5
133,120,5518.4
133,80,6744.1
133,248,7021.8
133,146,7098.8
133,219,7692.8
133,221,7805.3
133,186,8044.3
134,254,392.5
134,2,1205.7
134,201,1313.3
134,151,1527.3
134,4,2443.1
134,226,2634.9
134,227,2683.1
134,19,2764.8
134,72,2949.4
134,158,3220.2
134,41,3681.4
134,170,3812.1
134,171,3825.0
134,97,3937.9
134,191,4750.5
135,79,875.0
135,17,1526.5
135,49,2990.9
135,120,3213.8
135,23,5849.1
135,138,6072.4
135,320,6742.6
135,64,7534.0
135,30,8179.7
135,274,8627.3
135,205,8818.6
135,14,9060.9
135,275,9385.5
135,203,9616.9
135,201,10091.8
136,125,875.1
136,37,1442.1
136,78,1456.7
136,193,2907.6
136,314,4418.7
136,317,6222.5
136,315,6235.3
136,318,6818.4
136,316,6831.1
136,170,7521.7
136,171,7534.6
137,90,619.0
137,174,1029.7
137,57,1175.0
137,214,1239.3
137,213,1998.0
137,111,2062.6
137,177,2175.5
137,211,2966.3
137,132,3241.3
137,253,4094.5
137,216,4667.6
137,118,5551.6
137,124,6049.4
137,105,6875.3
137,36,8020.9
138,23,223.3
138,64,1461.6
138,30,2112.7
138,14,2994.0
138,45,5381.7
138,93,5722.2
138,251,6701.2
138,80,8300.9
138,146,8655.6
138,248,10806.9
138,221,11183.7
138,84,12164.3
138,109,12277.0
139,140,7.2
139,241,726.1
139,245,729.4
139,65,1193.2
139,28,1206.5
139,152,1517.0
139,161,1529.2
139,256,2146.4
139,242,2160.3
139,163,2485.1
139,162,2498.2
139,42,3010.7
139,59,3023.6
139,3,3387.9
139,87,3683.6
140,139,7.2
140,241,733.3
140,245,736.6
140,65,1200.5
140,28,1213.7
140,152,1524.2
140,161,1536.5
140,256,2153.7
140,242,2167.5
140,163,2492.3
140,162,2505.5
140,42,3017.9
140,59,3030.9
140,3,3395.1
140,87,3690.8
141,236,145.5
141,145,808.6
141,235,889.4
141,196,2418.7
141,182,2611.9
141,234,2628.1
141,233,3272.8
141,169,3895.8
141,232,3959.8
141,324,4408.5
141,231,4746.1
141,193,4772.2
141,229,5113.8
141,191,5172.1
141,142,5312.1
142,257,113.1
142,324,903.6
142,310,1386.7
142,149,2598.9
142,99,2695.5
142,16,4064.1
142,50,4303.7
142,237,4822.9
142,58,4833.6
142,97,5958.4
142,102,7070.3
142,191,7548.0
142,46,7579.0
142,77,7703.7
142,312,7706.8
143,71,1031.8
143,29,1659.9
143,129,1774.3
143,239,4718.1
143,298,5367.4
143,286,5678.9
143,290,5912.9
143,296,6971.9
143,295,7734.2
143,294,7911.1
143,194,8329.8
143,293,9055.2
143,292,10260.3
143,289,10712.9
143,297,10921.7
144,114,1034.3
144,85,1664.2
144,15,1778.8
144,81,2440.1
144,32,3970.5
144,240,4780.0
144,33,6242.0
144,123,6688.8
144,108,7347.2
144,127,7922.0
144,94,9267.3
144,96,9311.7
144,228,9523.1
144,62,9679.9
144,106,9843.7
145,235,80.8
145,236,663.1
145,141,808.6
145,196,1610.2
145,182,1803.3
145,234,1819.5
145,233,2464.2
145,169,3087.2
145,232,3151.3
145,324,3599.9
145,231,3937.5
145,193,3963.6
145,229,4305.2
145,191,4363.5
145,142,4503.5
146,80,354.8
146,305,4595.2
146,300,4853.0
146,302,5288.1
146,303,6497.4
146,195,7222.1
146,304,7810.1
146,287,8453.7
146,307,8573.1
146,22,8828.1
146,309,8910.7
146,308,9358.1
146,75,9603.8
146,306,9875.2
146,299,10117.8
147,311,973.1
147,128,1904.2
147,141,2601.9
147,236,2747.4
147,145,3410.5
147,235,3491.3
147,20,4309.7
147,196,5016.9
147,182,5210.1
147,234,5226.2
147,233,5871.0
147,97,6453.2
147,169,6494.0
147,232,6558.0
147,160,6673.2
148,266,704.2
148,267,749.7
148,265,1071.9
148,150,2160.5
148,165,2643.0
148,166,2772.1
148,269,2977.7
148,270,3187.2
148,230,3946.8
148,271,4234.7
148,110,4429.1
148,272,4831.8
148,130,4849.1
148,168,5171.2
148,322,5604.9
149,99,96.6
149,58,2237.2
149,70,5985.9
149,172,10171.3
150,165,483.6
150,166,612.7
150,230,1787.4
150,110,2269.7
150,130,2689.7
150,168,3011.9
150,322,3445.5
150,323,4170.5
150,181,4299.8
150,321,4493.2
150,191,5675.4
150,167,5933.3
150,324,6005.7
150,190,6525.7
150,148,6541.0
151,226,1108.9
151,227,1157.1
151,72,1423.4
151,41,2155.3
151,97,2411.9
151,102,3523.9
151,313,4669.1
151,160,4756.8
151,4,4787.9
151,19,5109.6
151,191,5157.6
151,164,5363.3
151,158,5565.0
151,131,5738.9
151,190,6007.9
152,161,13.4
152,28,310.5
152,65,323.7
152,256,630.6
152,242,644.5
152,163,969.3
152,162,982.4
152,42,1494.9
152,59,1507.8
152,3,1872.1
152,87,2167.8
152,116,2915.4
152,244,3654.5
152,243,3667.5
152,136,4235.7
153,154,305.8
153,319,415.3
154,153,305.8
154,319,721.1
155,159,34.6
155,47,1313.2
155,255,1393.8
155,5,2418.2
155,66,2745.1
155,95,2911.3
155,12,2999.5
155,83,4681.7
155,74,4966.6
155,104,5382.1
155,21,5794.4
155,52,7192.6
155,98,7722.8
155,244,8519.6
155,243,8532.6
156,22,6746.7
156,309,9250.0
156,287,9349.3
156,75,9943.1
157,183,616.2
157,224,860.4
157,156,1393.4
157,22,8138.3
157,309,10641.6
157,287,10740.9
158,202,1615.6
158,204,2419.3
158,206,3222.8
158,207,4029.0
158,13,5079.0
158,209,5559.0
158,319,5789.3
158,153,6204.6
158,154,6510.4
159,155,34.6
159,47,1347.8
159,255,1428.4
159,5,2452.8
159,66,2779.7
159,95,2945.9
159,12,3034.1
159,83,4716.3
159,74,5001.2
159,104,5416.6
159,21,5829.0
159,52,7227.2
159,98,7757.4
159,244,8554.2
159,243,8567.2
160,4,824.4
160,19,1146.2
160,158,1601.6
160,254,2535.4
160,202,3213.6
160,2,3348.6
160,151,3670.3
160,204,4017.3
160,226,4777.8
160,206,4820.8
160,227,4826.0
160,72,5092.3
160,207,5627.0
160,41,5824.3
160,170,5955.0
161,256,617.3
161,242,631.2
161,163,955.9
161,162,969.1
161,42,1481.6
161,59,1494.5
161,3,1858.7
161,87,2154.5
161,116,2902.1
161,244,3641.1
161,243,3654.1
161,136,4222.4
161,125,5096.7
161,37,5663.7
161,78,5678.2
162,163,13.2
162,242,337.9
162,256,351.8
162,42,515.1
162,59,528.0
162,3,892.2
162,87,1188.0
162,116,1935.6
162,244,2674.6
162,243,2687.7
162,136,3255.9
162,125,4130.2
162,37,4697.2
162,78,4711.7
162,193,6162.7
163,162,13.2
163,242,324.8
163,256,338.6
163,42,528.2
163,59,541.2
163,3,905.4
163,87,1201.1
163,116,1948.8
163,244,2687.8
163,243,2700.8
163,136,3269.0
163,125,4143.4
163,37,4710.4
163,78,4724.9
163,193,6175.8
164,16,2677.8
164,50,2917.4
164,237,3436.6
164,46,6192.7
164,312,6320.5
164,128,6689.6
164,141,7221.3
164,236,7366.7
164,10,7486.7
164,115,7704.0
164,145,8029.9
164,235,8110.6
164,20,9095.1
164,196,9636.3
164,182,9829.4
165,166,129.1
165,230,1305.4
165,110,1787.6
165,130,2207.7
165,168,2529.8
165,322,2963.4
165,323,3688.5
165,181,3817.8
165,321,4011.2
165,191,5193.4
165,167,5451.2
165,324,5523.7
165,190,6043.6
165,148,6058.9
165,142,6427.3
166,165,129.1
166,230,1176.3
166,110,1658.6
166,130,2078.6
166,168,2400.8
166,322,2834.4
166,323,3559.4
166,181,3688.7
166,321,3882.1
166,191,5064.3
166,167,5322.2
166,324,5394.6
166,190,5914.6
166,148,5929.9
166,142,6298.3
167,148,609.3
167,266,1312.4
167,267,1357.9
167,265,1680.1
167,150,2768.7
167,165,3251.2
167,166,3380.2
167,269,3585.8
167,270,3795.3
167,230,4555.0
167,271,4842.9
167,110,5037.2
167,272,5439.9
167,130,5457.3
167,211,5712.6
168,322,434.3
168,323,1159.4
168,181,1288.6
168,321,1482.0
168,324,2994.6
168,142,3898.2
168,257,4011.3
168,310,5280.9
168,149,6493.1
168,99,6589.7
168,16,7958.3
168,50,8197.9
168,237,8717.1
168,58,8727.8
168,97,9852.6
169,232,64.0
169,231,850.9
169,229,1218.7
169,167,2387.5
169,148,2995.2
169,266,3698.2
169,267,3743.8
169,265,4065.9
169,150,5154.6
169,165,5637.0
169,191,5647.5
169,166,5766.1
169,244,5832.8
169,243,5845.8
169,324,5913.5
170,171,12.9
170,254,4373.1
170,2,5186.4
170,131,5260.4
170,205,5493.2
170,151,5508.0
170,4,5720.7
170,19,6042.4
170,198,6229.3
170,197,6242.4
170,203,6291.5
170,158,6497.9
170,226,6615.6
170,227,6663.8
170,201,6766.4
171,170,12.9
171,254,4360.3
171,2,5173.5
171,131,5247.5
171,205,5480.3
171,151,5495.2
171,4,5707.8
171,19,6029.6
171,198,6216.4
171,197,6229.6
171,203,6278.6
171,158,6485.0
171,226,6602.7
171,227,6650.9
171,201,6753.5
172,70,4185.4
173,252,1002.2
173,113,2741.7
173,91,4349.8
173,11,4495.0
173,60,6495.5
173,48,8432.2
173,147,10171.0
173,311,11142.1
173,128,12073.3
173,141,12770.9
173,236,12916.4
173,145,13579.5
173,235,13660.3
173,20,14478.7
173,196,15185.9
174,57,145.3
174,213,968.3
174,137,1029.7
174,111,1032.9
174,177,1145.8
174,90,1648.7
174,211,1936.6
174,214,2269.0
174,132,4271.0
174,253,5124.2
174,216,5697.3
174,118,6581.3
174,124,7079.1
174,105,7905.0
174,36,9050.6
175,24,708.7
175,176,1128.3
175,212,1935.0
175,211,5567.4
175,177,6358.2
175,111,6471.1
175,213,6535.7
175,57,7358.7
175,174,7504.0
175,165,7748.7
175,166,7877.8
175,150,8439.1
175,137,8533.7
175,230,9052.5
175,90,9152.7
176,212,806.7
176,211,4442.8
176,177,5233.6
176,111,5346.5
176,213,5411.1
176,57,6234.1
176,174,6379.4
176,165,6624.1
176,166,6753.2
176,150,7314.5
176,137,7409.1
176,230,7927.9
176,90,8028.1
176,110,8410.2
176,214,8648.4
177,111,112.9
177,213,177.5
177,211,790.8
177,57,1000.5
177,174,1145.8
177,137,2175.5
177,90,2794.5
177,214,3414.8
177,132,5416.8
177,253,6270.0
177,216,6843.1
177,118,7727.2
177,124,8224.9
177,105,9050.8
177,36,10196.4
178,179,1296.6
178,225,2107.5
178,61,2932.0
178,249,3463.7
178,76,4204.7
178,103,4688.0
178,51,4828.0
178,223,5681.7
178,122,6326.1
178,221,6805.3
178,84,7785.9
178,109,7898.6
178,219,8572.8
178,9,9426.4
178,55,9732.4
179,225,810.8
179,178,1296.6
179,61,1635.4
179,249,2167.0
179,76,2908.1
179,103,3391.3
179,51,3531.3
179,223,4385.1
179,122,5029.5
179,221,5508.6
179,84,6489.2
179,109,6601.9
179,219,7276.1
179,9,8129.7
179,55,8435.7
180,119,1197.5
180,309,2158.0
180,75,2851.1
180,299,3365.2
180,305,3912.6
180,300,4170.5
180,302,4605.6
180,303,5814.9
180,195,6539.6
180,304,7127.5
180,22,7677.1
180,307,7890.6
180,308,8675.6
180,250,8764.2
180,248,9116.3
181,323,129.3
181,321,193.4
181,324,1707.7
181,142,2611.3
181,257,2724.4
181,310,3994.0
181,149,5206.2
181,99,5302.8
181,16,6671.4
181,50,6911.0
181,237,7430.2
181,58,7440.9
181,97,8565.7
181,102,9677.6
181,191,10155.3
182,234,16.1
182,196,193.2
182,233,662.2
182,169,1285.2
182,232,1349.2
182,231,2135.5
182,229,2503.2
182,167,3672.0
182,148,4279.7
182,266,4982.7
182,267,5028.3
182,265,5350.4
182,150,6439.1
182,165,6921.6
182,191,6932.1
183,157,616.2
183,156,777.2
183,224,1476.6
183,22,7522.1
183,309,10025.4
183,287,10124.7
184,185,13.4
184,5,2964.0
184,66,3290.9
184,95,3457.2
184,12,3545.3
184,83,5227.5
184,74,5512.4
184,104,5927.9
184,159,6017.2
184,155,6051.8
184,21,6340.2
184,47,6474.0
184,255,6554.7
184,52,7738.5
184,98,8268.7
185,184,13.4
185,5,2950.6
185,66,3277.5
185,95,3443.7
185,12,3531.9
185,83,5214.1
185,74,5499.0
185,104,5914.5
185,159,6003.8
185,155,6038.3
185,21,6326.8
185,47,6460.6
185,255,6541.3
185,52,7725.0
185,98,8255.2
186,40,338.5
186,218,999.2
186,25,1852.4
186,107,2094.0
186,220,2768.8
186,222,3526.1
186,187,3735.5
186,219,3847.2
186,188,4653.5
186,9,4700.9
186,55,5006.9
186,247,6113.6
186,31,6146.6
186,248,6180.9
186,121,6275.9
187,222,209.4
187,188,918.0
187,220,966.7
187,247,2383.7
187,189,3248.7
187,224,3702.6
187,248,4042.8
187,221,4419.6
187,157,4562.9
187,183,5179.1
187,84,5400.2
187,109,5512.9
187,80,5792.9
187,156,5951.0
187,146,6147.7
188,187,918.0
188,222,1127.4
188,247,1465.7
188,220,1884.7
188,189,2330.7
188,224,2784.6
188,248,3124.8
188,221,3501.6
188,157,3644.9
188,183,4261.1
188,84,4482.2
188,109,4594.9
188,80,4874.9
188,156,5033.0
188,146,5229.7
189,224,454.0
189,157,1314.4
189,183,1930.6
189,156,2702.4
189,22,9447.3
190,8,1072.8
190,43,1933.2
190,88,3245.7
190,184,7255.0
190,185,7268.4
190,244,7548.6
190,243,7561.6
190,136,8129.8
190,125,9004.2
190,95,9188.7
190,12,9276.9
190,37,9571.2
190,78,9585.7
191,190,850.5
191,8,1923.1
191,43,2783.5
191,88,4096.0
191,184,8105.3
191,185,8118.7
191,244,8398.9
191,243,8411.9
191,136,8980.1
191,125,9854.5
191,95,10039.0
192,191,82.6
192,190,932.9
192,8,2005.5
192,43,2865.9
192,88,4178.4
192,184,8187.7
192,185,8201.1
192,244,8481.3
192,243,8494.3
192,136,9062.5
192,125,9936.9
192,95,10121.4
193,314,1511.5
193,317,3315.3
193,315,3328.2
193,318,3911.3
193,316,3924.0
193,170,4614.6
193,171,4627.5
193,254,8986.6
193,2,9799.9
193,131,9873.9
193,205,10106.7
193,151,10121.5
193,4,10334.2
194,294,418.7
194,293,725.5
194,292,1930.6
194,289,2383.1
194,297,2591.9
194,288,3106.9
194,27,5340.0
194,291,5742.8
194,156,6856.6
195,304,596.5
195,303,724.7
195,307,1359.6
195,302,1934.0
195,308,2144.6
195,300,2369.1
195,305,2627.0
195,306,2661.7
195,32,4367.3
195,85,6673.6
195,114,7303.6
195,144,8337.9
195,15,10116.6
196,182,193.2
196,234,209.3
196,233,855.4
196,169,1478.3
196,232,1542.4
196,231,2328.6
196,229,2696.3
196,167,3865.2
196,148,4472.9
196,266,5175.9
196,267,5221.4
196,265,5543.6
196,150,6632.2
196,165,7114.7
196,191,7125.2
197,198,13.2
197,192,886.4
197,191,968.7
197,190,1819.0
197,8,2891.6
197,43,3752.0
197,88,5064.5
197,184,9073.8
197,185,9087.3
197,244,9367.5
197,243,9380.5
197,136,9948.7
198,197,13.2
198,192,899.5
198,191,981.9
198,190,1832.2
198,8,2904.8
198,43,3765.2
198,88,5077.7
198,184,9087.0
198,185,9100.4
198,244,9380.6
198,243,9393.6
198,136,9961.8
199,210,239.8
199,38,913.6
199,208,1765.6
199,200,2507.0
199,205,3372.0
199,203,4170.3
199,201,4645.2
199,134,5958.5
199,254,6347.4
199,23,7104.9
199,2,7160.7
199,138,7328.2
199,131,7390.4
199,151,7482.3
199,320,8006.1
200,208,741.4
200,205,867.8
200,203,1666.1
200,201,2141.0
200,134,3454.3
200,254,3843.2
200,2,4656.4
200,151,4978.1
200,4,5893.8
200,226,6085.6
200,227,6133.8
200,19,6215.5
200,72,6400.1
200,170,6549.3
200,171,6562.2
201,134,1313.3
201,254,1705.8
201,2,2519.0
201,151,2840.6
201,4,3756.4
201,226,3948.2
201,227,3996.4
201,19,4078.1
201,72,4262.7
201,158,4533.5
201,41,4994.6
201,170,5125.4
201,171,5138.3
201,97,5251.2
201,191,6063.8
202,204,803.7
202,206,1607.3
202,207,2413.4
202,13,3463.5
202,209,3943.4
202,319,4182.9
202,153,4598.2
202,154,4903.9
203,201,475.9
203,134,1789.2
203,254,2178.1
203,2,2991.3
203,151,3313.0
203,4,4228.7
203,226,4420.5
203,227,4468.7
203,19,4550.4
203,72,4735.0
203,158,5005.8
203,41,5467.0
203,170,5597.7
203,171,5610.6
203,97,5723.5
204,206,803.6
204,202,803.7
204,207,1609.7
204,13,2659.8
204,209,3139.7
204,319,3379.2
204,153,3794.5
204,154,4100.2
205,203,800.2
205,201,1275.1
205,134,2588.4
205,254,2977.3
205,2,3790.5
205,151,4112.2
205,4,5027.9
205,226,5219.7
205,227,5267.9
205,19,5349.6
205,72,5534.3
205,170,5683.4
205,171,5696.3
205,158,5805.1
205,41,6266.2
206,204,803.6
206,207,806.1
206,202,1607.3
206,13,1856.2
206,209,2336.2
206,319,2575.6
206,153,2990.9
206,154,3296.7
207,206,806.1
207,13,1050.1
207,209,1530.0
207,204,1609.7
207,319,1769.5
207,153,2184.8
207,202,2413.4
207,154,2490.5
208,200,741.4
208,205,1609.2
208,203,2407.4
208,201,2882.4
208,134,4195.7
208,254,4584.6
208,2,5397.8
208,151,5719.4
208,4,6635.2
208,226,6827.0
208,227,6875.2
208,19,6956.9
208,72,7141.5
208,170,7290.7
208,171,7303.6
209,319,239.5
209,13,479.9
209,153,654.8
209,154,960.5
209,207,1530.0
209,206,2336.2
209,204,3139.7
209,202,3943.4
210,38,673.9
210,208,1528.9
210,200,2270.3
210,205,3135.4
210,203,3933.6
210,201,4408.6
210,134,5721.9
210,254,6110.7
210,23,6868.3
210,2,6924.0
210,138,7091.6
210,131,7153.8
210,151,7245.6
210,320,7769.5
210,4,8161.4
211,177,790.8
211,111,903.7
211,213,968.3
211,57,1791.3
211,174,1936.6
211,137,2966.3
211,90,3585.3
211,214,4205.6
211,132,6207.6
211,253,7060.8
211,216,7634.0
211,118,8518.0
211,124,9015.7
211,105,9841.6
211,36,10987.2
212,176,806.7
212,211,3636.1
212,177,4427.0
212,111,4539.9
212,213,4604.4
212,57,5427.5
212,174,5572.8
212,165,5817.5
212,166,5946.5
212,150,6507.9
212,137,6602.5
212,230,7121.3
212,90,7221.5
212,110,7603.6
212,214,7841.7
213,111,64.6
213,177,177.5
213,57,823.0
213,174,968.3
213,211,968.3
213,137,1998.0
213,90,2617.0
213,214,3237.3
213,132,5239.3
213,253,6092.5
213,216,6665.7
213,118,7549.7
213,124,8047.4
213,105,8873.3
213,36,10018.9
214,90,620.3
214,137,1239.3
214,132,2002.0
214,174,2269.0
214,57,2414.3
214,253,2855.2
214,213,3237.3
214,111,3301.9
214,177,3414.8
214,216,3428.4
214,211,4205.6
214,118,4312.4
214,124,4810.1
214,105,5636.0
214,36,6781.6
215,24,1549.3
215,175,2258.0
215,176,3382.7
215,212,4189.3
215,211,7821.7
215,177,8612.6
215,111,8725.5
215,213,8790.0
215,57,9613.1
215,174,9758.4
215,165,10003.1
215,166,10132.2
215,150,10693.5
215,137,10788.1
215,90,11407.1
216,118,884.0
216,124,1384.2
216,105,2210.1
216,36,3355.7
216,246,5401.6
216,54,5578.8
216,186,6361.4
216,40,6699.9
216,218,7360.7
216,25,8210.5
216,107,8452.1
216,220,9126.9
216,222,9884.2
216,187,10093.6
216,219,10205.3
217,56,613.3
217,68,766.4
217,126,908.1
217,2,1240.7
217,151,1562.3
217,18,1811.5
217,4,2478.0
217,226,2669.9
217,227,2718.1
217,19,2799.8
217,72,2984.4
217,158,3255.2
217,215,3426.0
217,41,3716.3
217,170,3847.1
218,40,660.8
218,25,853.1
218,186,999.2
218,107,1094.7
218,220,1769.6
218,222,2526.9
218,187,2736.3
218,219,2848.0
218,188,3654.3
218,9,3701.6
218,55,4007.6
218,247,5114.3
218,31,5147.3
218,248,5181.7
218,121,5276.6
219,9,853.6
219,55,1159.6
219,31,2302.9
219,121,2432.2
219,82,4112.9
219,26,4371.5
219,131,5334.6
219,186,6105.8
219,40,6444.3
219,218,7105.0
219,217,7360.3
219,25,7954.8
219,56,7972.3
219,68,8125.3
219,107,8196.5
220,222,757.3
220,187,966.7
220,188,1884.7
220,247,3350.3
220,189,4215.4
220,224,4669.2
220,248,5009.5
220,221,5386.3
220,157,5529.6
220,183,6145.8
220,84,6366.9
220,109,6479.6
220,80,6759.6
220,156,6917.7
220,146,7114.3
221,84,981.5
221,109,1094.2
221,219,1768.4
221,9,2622.0
221,55,2928.0
221,31,4067.7
221,121,4197.0
221,248,4982.7
221,82,5877.7
221,26,6136.3
221,80,6530.2
221,79,6798.3
221,146,6885.0
221,131,7099.4
221,45,7443.1
222,187,209.4
222,220,757.3
222,188,1127.4
222,247,2593.0
222,189,3458.1
222,224,3911.9
222,248,4252.2
222,221,4629.0
222,157,4772.3
222,183,5388.5
222,84,5609.6
222,109,5722.3
222,80,6002.2
222,156,6160.4
222,146,6357.0
223,122,644.4
223,51,853.7
223,221,1127.6
223,84,2108.2
223,109,2220.9
223,219,2895.1
223,9,3748.7
223,55,4054.7
223,31,5194.4
223,121,5323.7
223,248,6109.4
223,82,7004.4
223,26,7263.0
223,80,7656.9
223,79,7925.0
224,157,860.4
224,183,1476.6
224,156,2253.7
224,22,8998.6
224,309,11502.0
224,287,11601.2
225,179,810.8
225,61,824.6
225,249,1356.2
225,76,2097.3
225,178,2107.5
225,103,2580.5
225,51,2720.5
225,223,3574.3
225,122,4218.7
225,221,4697.8
225,84,5678.4
225,109,5791.1
225,219,6465.3
225,9,7318.9
225,55,7624.9
226,227,48.2
226,72,315.4
226,41,1047.4
226,97,1303.9
226,102,2415.9
226,313,3561.1
226,160,3648.8
226,164,4255.3
226,4,4471.9
226,19,4793.6
226,191,5188.4
226,158,5249.1
226,149,5335.3
226,99,5431.9
226,190,6038.7
227,226,48.2
227,72,267.2
227,41,999.1
227,97,1255.7
227,102,2367.7
227,313,3512.9
227,160,3600.6
227,164,4207.1
227,4,4423.7
227,19,4745.4
227,191,5140.2
227,158,5200.9
227,149,5287.1
227,99,5383.7
227,190,5990.5
228,62,160.2
228,34,2919.6
228,237,3208.7
228,50,3793.1
228,312,6092.6
228,128,6461.7
228,46,6979.2
228,141,6993.4
228,236,7138.8
228,145,7801.9
228,235,7882.7
228,10,8273.1
228,115,8490.4
228,20,8867.2
228,196,9408.4
229,167,1169.3
229,148,1777.0
229,266,2480.0
229,267,2525.5
229,265,2847.7
229,150,3936.4
229,165,4418.8
229,166,4547.9
229,269,4753.5
229,270,4963.0
229,230,5722.6
229,271,6010.5
229,110,6204.9
229,272,6607.6
229,130,6624.9
230,110,482.7
230,130,902.7
230,168,1224.9
230,322,1658.5
230,323,2383.6
230,181,2512.8
230,321,2706.2
230,324,4218.8
230,142,5122.4
230,257,5235.5
230,310,6505.1
230,149,7717.3
230,99,7813.9
230,16,9182.6
230,50,9422.1
231,229,368.4
231,167,1537.2
231,148,2144.9
231,266,2847.9
231,267,2893.5
231,265,3215.7
231,150,4304.3
231,165,4786.8
231,166,4915.8
231,269,5121.4
231,270,5330.9
231,230,6090.6
231,271,6378.5
231,110,6572.8
231,272,6975.5
232,169,64.0
232,231,786.9
232,229,1154.6
232,167,2323.5
232,148,2931.2
232,266,3634.2
232,267,3679.7
232,265,4001.9
232,150,5090.5
232,165,5573.0
232,191,5583.5
232,166,5702.1
232,244,5768.7
232,243,5781.8
232,324,5849.5
233,169,624.6
233,232,688.7
233,231,1474.9
233,229,1842.6
233,167,3011.5
233,148,3619.2
233,266,4322.2
233,267,4367.7
233,265,4689.9
233,150,5778.5
233,165,6261.0
233,191,6271.5
233,166,6390.1
233,244,6456.7
233,243,6469.8
234,182,16.1
234,196,209.3
234,233,646.1
234,169,1269.0
234,232,1333.1
234,231,2119.3
234,229,2487.0
234,167,3655.9
234,148,4263.6
234,266,4966.6
234,267,5012.1
234,265,5334.3
234,150,6422.9
234,165,6905.4
234,191,6915.9
235,145,80.8
235,236,743.9
235,141,889.4
235,196,1529.4
235,182,1722.5
235,234,1738.7
235,233,2383.5
235,169,3006.4
235,232,3070.5
235,324,3519.1
235,231,3856.7
235,193,3882.8
235,229,4224.4
235,191,4282.7
235,142,4422.7
236,141,145.5
236,145,663.1
236,235,743.9
236,196,2273.3
236,182,2466.4
236,234,2482.6
236,233,3127.4
236,169,3750.3
236,232,3814.4
236,324,4263.0
236,231,4600.6
236,193,4626.7
236,229,4968.3
236,191,5026.6
236,142,5166.6
237,312,2885.1
237,128,3254.2
237,141,3785.8
237,236,3931.3
237,145,4594.4
237,235,4675.2
237,20,5659.7
237,196,6200.8
237,182,6394.0
237,234,6410.1
237,233,7054.9
237,169,7677.9
237,232,7741.9
237,97,7803.2
237,160,8023.2
238,35,2339.2
238,129,2995.9
238,143,4770.2
238,71,5801.9
238,29,6430.1
238,239,9488.3
238,298,10120.6
238,286,10432.1
238,290,10666.1
238,296,11725.1
239,298,649.2
239,286,960.8
239,290,1194.7
239,296,2253.8
239,295,3016.1
239,29,3058.2
239,294,3192.9
239,194,3611.6
239,71,3686.4
239,293,4337.1
239,143,4718.1
239,292,5542.2
239,289,5994.8
239,297,6203.6
239,129,6492.4
240,33,1464.2
240,123,1911.0
240,108,2569.4
240,127,3144.2
240,94,4489.5
240,96,4533.9
240,228,4745.3
240,62,4902.1
240,106,5065.9
240,238,5950.4
240,101,6467.1
240,7,6877.9
240,34,7661.5
240,237,7950.6
240,35,8287.2
241,245,3.3
241,65,469.0
241,28,482.3
241,152,792.8
241,161,805.0
241,256,1422.2
241,242,1436.1
241,163,1760.9
241,162,1774.0
241,42,2286.5
241,59,2299.4
241,3,2663.7
241,87,2959.4
241,116,3707.0
241,244,4446.1
242,256,13.9
242,163,324.8
242,162,337.9
242,42,853.0
242,59,866.0
242,3,1230.2
242,87,1525.9
242,116,2273.5
242,244,3012.6
242,243,3025.6
242,136,3593.8
242,125,4468.2
242,37,5035.1
242,78,5049.7
242,193,6500.6
243,244,13.0
243,136,568.7
243,125,1443.1
243,37,2010.1
243,78,2024.6
243,193,3475.6
243,314,4986.6
243,317,6790.4
243,315,6803.3
243,318,7386.4
243,316,7399.1
243,170,8089.7
243,171,8102.6
244,243,13.0
244,136,581.7
244,125,1456.1
244,37,2023.1
244,78,2037.6
244,193,3488.6
244,314,4999.6
244,317,6803.4
244,315,6816.3
244,318,7399.4
244,316,7412.1
244,170,8102.7
244,171,8115.6
245,241,3.3
245,65,465.7
245,28,479.0
245,152,789.5
245,161,801.7
245,256,1418.9
245,242,1432.8
245,163,1757.6
245,162,1770.7
245,42,2283.2
245,59,2296.1
245,3,2660.4
245,87,2956.1
245,116,3703.7
245,244,4442.8
246,54,177.2
246,186,966.1
246,40,1304.5
246,218,1965.3
246,36,2045.9
246,25,2815.1
246,107,3056.7
246,220,3731.6
246,222,4488.9
246,187,4698.2
246,219,4810.0
246,188,5616.2
246,9,5663.6
246,55,5969.6
246,247,7076.3
247,189,870.1
247,224,1323.9
247,157,2184.3
247,183,2800.5
247,156,3572.3
247,22,10317.2
249,61,531.6
249,76,741.1
249,103,1224.3
249,51,1369.4
249,223,2223.1
249,122,2867.5
249,221,3346.7
249,84,4327.2
249,109,4439.9
249,219,5114.1
249,9,5967.7
249,55,6273.8
249,31,7413.5
249,121,7542.8
249,248,8328.4
250,133,1408.6
250,135,3713.8
250,79,4588.3
250,45,5233.6
250,17,5239.8
250,93,5574.0
250,251,6553.0
250,49,6704.2
250,120,6927.0
250,80,8152.7
250,248,8430.4
250,146,8507.5
250,219,9101.4
250,221,9213.9
250,186,9453.0
251,93,979.0
251,80,1602.8
251,146,1957.5
251,248,4108.8
251,221,4485.6
251,84,5466.2
251,109,5578.9
251,219,6253.1
251,305,6550.8
251,300,6808.7
251,9,7106.7
251,287,7241.0
251,302,7243.8
251,55,7412.7
251,250,7744.2
252,173,1002.2
252,113,1739.5
252,91,3347.6
252,11,3492.9
252,60,5493.3
252,48,7430.0
252,147,9168.8
252,311,10140.0
252,128,11071.1
252,141,11768.7
252,236,11914.2
252,145,12577.3
252,235,12658.1
252,20,13476.6
252,196,14183.7
253,216,579.4
253,132,853.2
253,118,1463.5
253,124,1961.2
253,105,2787.1
253,36,3932.7
253,246,5978.6
253,54,6155.8
253,186,6938.4
253,40,7276.9
253,218,7937.7
253,25,8787.5
253,107,9029.1
253,220,9703.9
253,222,10461.2
254,2,813.8
254,151,1135.4
254,4,2051.2
254,226,2243.0
254,227,2291.2
254,19,2372.9
254,72,2557.5
254,158,2828.3
254,41,3289.4
254,170,3420.2
254,171,3433.1
254,97,3546.0
254,191,4358.6
254,202,4440.3
254,102,4657.9
255,47,80.7
256,242,13.9
256,163,338.6
256,162,351.8
256,42,866.9
256,59,879.8
256,3,1244.1
256,87,1539.8
256,116,2287.4
256,244,3026.4
256,243,3039.5
256,136,3607.7
256,125,4482.0
256,37,5049.0
256,78,5063.5
256,193,6514.5
257,142,113.1
257,324,1016.7
257,310,1273.6
257,149,2485.8
257,99,2582.5
257,16,3951.1
257,50,4190.6
257,237,4709.9
257,58,4720.5
257,97,5845.3
257,102,6957.3
257,191,7434.9
257,46,7465.9
257,77,7590.7
257,312,7593.7
258,259,756.8
258,260,1289.3
258,264,2239.2
258,268,3028.3
259,260,532.5
259,258,756.8
259,264,1482.4
259,268,2271.5
260,259,532.5
260,264,949.8
260,258,1289.3
260,268,1739.0
261,268,323.2
261,264,1112.4
261,260,2062.2
261,259,2594.7
261,258,3351.5
262,261,852.9
262,263,887.2
262,268,1175.3
262,264,1964.5
262,260,2914.3
262,259,3446.8
262,258,4203.6
263,262,887.2
263,261,1740.2
263,268,2062.6
263,264,2851.7
263,260,3801.5
263,259,4334.1
263,258,5090.9
264,268,789.1
264,260,949.8
264,259,1482.4
264,258,2239.2
265,269,1908.4
265,270,2117.9
265,271,3165.5
265,272,3762.5
265,273,4746.5
265,263,5578.4
265,262,6465.6
265,261,7314.0
265,268,7636.4
265,264,8425.5
265,260,9375.3
265,259,9907.9
265,258,10664.7
266,267,45.5
266,265,368.3
266,269,2274.1
266,270,2483.6
266,271,3531.2
266,272,4128.2
266,273,5112.2
266,263,5944.0
266,262,6831.3
266,261,7679.6
266,268,8002.0
266,264,8791.2
266,260,9741.0
266,259,10273.5
266,258,11030.3
267,266,45.5
267,265,322.8
267,269,2228.6
267,270,2438.1
267,271,3485.6
267,272,4082.7
267,273,5066.6
267,263,5898.5
267,262,6785.7
267,261,7634.1
267,268,7956.5
267,264,8745.6
267,260,9695.5
267,259,10228.0
267,258,10984.8
268,264,789.1
268,260,1739.0
268,259,2271.5
268,258,3028.3
269,270,209.5
269,271,1257.1
269,272,1854.1
269,273,2838.1
269,263,3676.9
269,262,4564.1
269,261,5412.5
269,268,5734.9
269,264,6524.0
269,260,7473.8
269,259,8006.4
269,258,8763.2
270,269,209.5
270,271,1047.6
270,272,1644.6
270,273,2628.5
270,263,3467.4
270,262,4354.6
270,261,5203.0
270,268,5525.4
270,264,6314.5
270,260,7264.3
270,259,7796.9
270,258,8553.7
271,272,597.0
271,270,1047.6
271,269,1257.1
271,273,1581.0
271,263,2419.8
271,262,3307.0
271,261,4155.4
271,268,4477.8
271,264,5266.9
271,260,6216.8
271,259,6749.3
271,258,7506.1
272,271,597.0
272,273,984.0
272,270,1644.6
272,263,1822.8
272,269,1854.1
272,262,2710.0
272,261,3558.4
272,268,3880.8
272,264,4669.9
272,260,5619.7
272,259,6152.3
272,258,6909.1
273,263,838.8
273,272,984.0
273,271,1581.0
273,262,1726.0
273,261,2574.4
273,270,2628.5
273,269,2838.1
273,268,2896.8
273,264,3685.9
273,260,4635.8
273,259,5168.3
273,258,5925.1
274,275,758.2
274,278,1692.0
274,279,2240.1
274,281,3352.1
274,276,4205.9
274,277,5448.2
274,285,5927.4
274,284,6911.1
274,283,7846.8
274,280,10661.3
274,89,11109.7
274,150,11698.2
274,165,12180.7
274,166,12309.7
275,274,758.2
275,278,933.8
275,279,1481.9
275,281,2593.9
275,276,3447.7
275,277,4690.0
275,285,5169.2
275,284,6152.9
275,283,7088.6
275,280,9903.1
275,89,10351.5
275,150,10940.0
275,165,11422.5
275,166,11551.5
276,277,1242.3
276,285,1726.1
276,284,2709.7
276,283,3645.5
276,280,6460.0
276,89,6908.4
276,150,7496.9
276,165,7979.3
276,166,8108.4
276,230,9283.1
276,110,9765.4
276,130,10185.4
276,168,10507.6
276,322,10941.2
276,323,11666.3
277,285,483.8
277,276,1242.3
277,284,1467.4
277,283,2403.2
277,280,5217.7
277,89,5666.1
277,150,6254.6
277,165,6737.0
277,166,6866.1
277,230,8040.8
277,110,8523.1
277,130,8943.1
277,168,9265.3
277,322,9698.9
277,323,10424.0
278,279,548.0
278,275,933.8
278,281,1660.1
278,274,1692.0
278,276,2513.9
278,277,3756.2
278,285,4235.4
278,284,5219.1
278,283,6154.8
278,280,8969.3
278,89,9417.7
278,150,10006.2
278,165,10488.7
278,166,10617.7
279,278,548.0
279,281,1112.1
279,275,1481.9
279,276,1965.8
279,274,2240.1
279,277,3208.1
279,285,3687.3
279,284,4671.0
279,283,5606.8
279,280,8421.3
279,89,8869.6
279,150,9458.1
279,165,9940.6
279,166,10069.7
280,89,451.1
280,150,1039.6
280,165,1522.0
280,166,1651.1
280,230,2825.8
280,110,3308.1
280,130,3728.1
280,168,4050.3
280,322,4483.9
280,323,5208.9
280,181,5338.2
280,321,5531.6
280,191,6713.8
280,167,6971.7
280,324,7044.1
281,276,854.7
281,277,2097.0
281,285,2576.2
281,284,3559.9
281,283,4495.6
281,280,7310.1
281,89,7758.5
281,150,8347.0
281,165,8829.5
281,166,8958.5
281,230,10133.2
282,150,6361.1
282,165,6843.6
282,166,6972.7
282,230,8147.4
282,211,8477.4
282,110,8629.7
282,130,9049.7
282,177,9268.2
282,168,9371.8
282,111,9381.1
282,213,9445.7
282,191,9504.5
282,322,9805.5
282,167,10044.4
282,57,10268.8
283,284,935.7
283,285,1919.4
283,280,2821.4
283,89,3269.8
283,150,3858.3
283,165,4340.7
283,166,4469.8
283,230,5644.5
283,110,6126.8
283,130,6546.8
283,168,6869.0
283,322,7302.6
283,323,8027.7
283,181,8156.9
283,321,8350.3
284,283,935.7
284,285,983.7
284,280,3757.1
284,89,4205.5
284,150,4794.0
284,165,5276.5
284,166,5405.5
284,230,6580.3
284,110,7062.5
284,130,7482.6
284,168,7804.7
284,322,8238.3
284,323,8963.4
284,181,9092.7
284,321,9286.1
285,284,983.7
285,283,1919.4
285,280,4740.8
285,89,5189.2
285,150,5777.7
285,165,6260.2
285,166,6389.2
285,230,7563.9
285,110,8046.2
285,130,8466.2
285,168,8788.4
285,322,9222.0
285,323,9947.1
285,181,10076.3
285,321,10269.7
286,290,234.0
286,296,1293.0
286,295,2058.9
286,294,2235.7
286,194,2654.4
286,293,3379.9
286,292,4585.0
286,289,5037.6
286,297,5246.3
286,288,5752.8
286,27,7985.8
286,291,8388.6
286,156,9502.4
286,248,10291.9
286,221,10668.7
288,27,2233.3
288,291,2636.1
288,156,3749.9
289,297,208.8
289,292,452.6
289,288,723.8
289,293,1657.7
289,194,2383.1
289,294,2801.8
289,27,2956.8
289,291,3359.7
289,156,4473.5
290,286,234.0
290,296,1059.0
290,295,1824.9
290,294,2001.8
290,194,2420.4
290,293,3145.9
290,292,4351.0
290,289,4803.6
290,297,5012.4
290,288,5518.8
290,27,7751.8
290,291,8154.7
290,156,9268.5
290,248,10057.9
290,221,10434.7
291,156,1114.7
291,22,7859.6
292,289,452.6
292,297,661.4
292,288,1176.4
292,293,1205.1
292,194,1930.6
292,294,2349.2
292,27,3409.4
292,291,3812.2
292,156,4926.1
293,194,725.5
293,294,1144.2
293,292,1205.1
293,289,1657.7
293,297,1866.5
293,288,2381.5
293,27,4614.5
293,291,5017.3
293,156,6131.1
294,194,418.7
294,293,1144.2
294,292,2349.2
294,289,2801.8
294,297,3010.6
294,288,3525.6
294,27,5758.6
294,291,6161.5
294,156,7275.3
295,294,177.8
295,194,596.4
295,293,1321.9
295,292,2527.0
295,289,2979.6
295,297,3188.4
295,288,3694.8
295,27,5927.8
295,291,6330.7
295,156,7444.5
296,295,765.9
296,294,942.8
296,290,1059.0
296,286,1293.0
296,194,1361.4
296,293,2086.9
296,292,3292.0
296,289,3744.6
296,297,3953.4
296,288,4459.8
296,27,6692.8
296,291,7095.7
296,156,8209.5
296,248,8998.9
296,221,9375.7
297,289,208.8
297,288,515.0
297,292,661.4
297,293,1866.5
297,194,2591.9
297,27,2748.0
297,294,3010.6
297,291,3150.9
297,156,4264.7
298,286,311.6
298,290,545.6
298,296,1604.6
298,295,2366.9
298,294,2543.8
298,194,2962.5
298,293,3688.0
298,292,4893.1
298,289,5345.6
298,297,5554.4
298,288,6060.8
298,27,8293.8
298,291,8696.7
298,156,9810.5
299,305,547.7
299,300,805.5
299,302,1240.6
299,303,2449.9
299,195,3174.6
299,304,3762.6
299,307,4525.7
299,308,5310.6
299,306,5827.8
299,32,7533.4
299,85,9839.7
299,114,10469.6
299,144,11503.9
299,15,13282.7
300,305,257.8
300,302,435.1
300,303,1644.4
300,195,2369.1
300,304,2965.7
300,307,3728.7
300,308,4513.7
300,306,5030.8
300,32,6736.4
300,85,9042.8
300,114,9672.7
300,144,10707.0
300,15,12485.8
301,119,386.6
301,309,1347.1
301,75,2040.2
301,299,2554.2
301,305,3101.7
301,300,3359.5
301,302,3794.6
301,303,5003.9
301,195,5728.7
301,304,6316.6
301,22,6866.2
301,307,7079.7
301,308,7864.7
301,250,7953.3
301,248,8305.4
302,300,435.1
302,305,692.9
302,303,1209.3
302,195,1934.0
302,304,2530.6
302,307,3293.7
302,308,4078.7
302,306,4595.8
302,32,6301.4
302,85,8607.7
302,114,9237.6
302,144,10271.9
302,15,12050.7
303,195,724.7
303,302,1209.3
303,304,1321.3
303,300,1644.4
303,305,1902.2
303,307,2084.3
303,308,2869.3
303,306,3386.5
303,32,5092.1
303,85,7398.4
303,114,8028.3
303,144,9062.6
303,15,10841.4
304,307,763.1
304,308,1551.8
304,306,2068.9
304,32,3774.5
304,85,6080.9
304,114,6710.8
304,144,7745.1
304,15,9523.9
304,81,10168.2
305,300,257.8
305,302,692.9
305,303,1902.2
305,195,2627.0
305,304,3223.5
305,307,3986.6
305,308,4771.6
305,306,5288.7
305,32,6994.3
305,85,9300.6
305,114,9930.5
305,144,10964.8
305,15,12743.6
306,32,1705.7
306,85,4012.0
306,114,4641.9
306,144,5676.2
306,15,7455.0
306,81,8099.4
306,240,10439.3
307,304,763.1
307,308,788.7
307,306,1305.9
307,32,3011.5
307,85,5317.8
307,114,5947.7
307,144,6982.0
307,15,8760.8
307,81,9405.1
309,75,694.0
309,299,1208.0
309,305,1755.5
309,300,2013.3
309,302,2448.4
309,303,3657.7
309,195,4382.4
309,304,4970.4
309,307,5733.5
309,308,6518.4
309,306,7035.6
309,32,8741.2
309,85,11047.5
309,114,11677.4
309,144,12711.7
310,149,1213.0
310,99,1309.6
310,58,3447.7
310,70,7196.4
310,172,11381.8
311,141,1631.5
311,236,1777.0
311,145,2440.1
311,235,2520.9
311,196,4046.5
311,182,4239.7
311,234,4255.8
311,233,4900.6
311,169,5523.6
311,232,5587.6
311,324,6036.2
311,231,6373.8
311,193,6399.9
311,229,6741.5
311,191,6799.8
312,128,370.3
312,20,2775.8
312,97,4919.2
312,160,5139.2
312,4,5962.3
312,102,6031.1
312,19,6284.0
312,191,6736.6
312,158,6739.5
312,313,7176.4
312,190,7586.9
312,254,7673.3
312,164,7870.5
312,324,8193.5
312,202,8351.5
313,164,695.2
313,149,1775.2
313,99,1871.8
313,16,3371.7
313,50,3611.3
313,58,4009.9
313,237,4130.5
313,46,6886.6
313,312,7014.4
313,128,7383.5
313,70,7758.6
313,141,7915.2
313,236,8060.6
313,10,8180.6
313,115,8397.9
314,317,1805.5
314,315,1818.4
314,318,2401.5
314,316,2414.2
314,170,3104.8
314,171,3117.7
314,254,7476.9
314,2,8290.1
314,131,8364.1
314,205,8597.0
314,151,8611.8
314,4,8824.5
314,19,9146.2
314,198,9333.0
314,197,9346.2
315,317,12.9
315,318,585.7
315,316,598.4
315,170,1289.0
315,171,1301.9
315,254,5661.0
315,2,6474.3
315,131,6548.3
315,205,6781.1
315,151,6795.9
315,4,7008.6
315,19,7330.3
315,198,7517.2
315,197,7530.4
315,203,7579.4
316,318,12.7
316,170,691.7
316,171,704.5
316,254,5063.7
316,2,5877.0
316,131,5951.0
316,205,6183.8
316,151,6198.6
316,4,6411.3
316,19,6733.0
316,198,6919.9
316,197,6933.0
316,203,6982.1
316,158,7188.5
316,226,7306.2
317,315,12.9
317,318,598.5
317,316,611.2
317,170,1301.8
317,171,1314.7
317,254,5673.9
317,2,6487.2
317,131,6561.1
317,205,6794.0
317,151,6808.8
317,4,7021.5
317,19,7343.2
317,198,7530.0
317,197,7543.2
317,203,7592.2
318,316,12.7
318,170,704.4
318,171,717.2
318,254,5076.4
318,2,5889.7
318,131,5963.7
318,205,6196.5
318,151,6211.3
318,4,6424.0
318,19,6745.7
318,198,6932.6
318,197,6945.7
318,203,6994.8
318,158,7201.2
318,226,7318.9
319,153,415.3
319,154,721.1
320,23,1000.0
320,138,1223.3
320,64,2684.9
320,30,3330.6
320,14,4211.8
320,45,6599.6
320,93,6940.0
320,274,7262.1
320,205,7453.4
320,251,7919.0
320,79,7933.1
320,275,8020.3
320,203,8251.6
320,186,8427.6
320,131,8436.4
321,181,193.4
321,323,322.7
321,324,1514.3
321,142,2417.9
321,257,2531.0
321,310,3800.6
321,149,5012.8
321,99,5109.4
321,16,6478.1
321,50,6717.6
321,237,7236.9
321,58,7247.5
321,97,8372.3
321,102,9484.3
321,191,9961.9
322,323,726.7
322,181,856.0
322,321,1049.4
322,324,2561.9
322,142,3465.6
322,257,3578.7
322,310,4848.3
322,149,6060.5
322,99,6157.1
322,16,7525.7
322,50,7765.3
322,237,8284.5
322,58,8295.2
322,97,9420.0
322,102,10531.9
323,181,129.3
323,321,322.7
323,324,1836.9
323,142,2740.6
323,257,2853.6
323,310,4123.3
323,149,5335.5
323,99,5432.1
323,16,6800.7
323,50,7040.3
323,237,7559.5
323,58,7570.2
323,97,8695.0
323,102,9806.9
323,191,10284.5
324,142,903.6
324,257,1016.7
324,310,2290.3
324,149,3502.5
324,99,3599.2
324,16,4967.8
324,50,5207.4
324,237,5726.6
324,58,5737.2
324,97,6862.0
324,102,7974.0
324,191,8451.6
324,46,8482.6
324,77,8607.4
324,312,8610.4
